{"cameraMode":{"drawMode":0,"name":"Shaded","section":"Shading Mode"},"sceneLighting":false,"audioPlay":false,"sceneViewState":{"m_AlwaysRefresh":true,"showFog":true,"showSkybox":true,"showFlares":true,"showImageEffects":true,"showParticleSystems":true,"showVisualEffectGraphs":true,"m_FxEnabled":false},"in2DMode":false,"pivot":{"x":-0.06871366500854492,"y":-0.22257137298583985,"z":-0.5552401542663574},"rotation":{"x":-0.32372012734413149,"y":-0.33750149607658389,"z":0.12482420355081558,"w":-0.8750864863395691},"size":3.798055648803711,"orthographic":false}