{"cameraMode":{"drawMode":0,"name":"Shaded","section":"Shading Mode"},"sceneLighting":false,"audioPlay":false,"sceneViewState":{"m_AlwaysRefresh":true,"showFog":true,"showSkybox":true,"showFlares":true,"showImageEffects":true,"showParticleSystems":true,"showVisualEffectGraphs":true,"m_FxEnabled":false},"in2DMode":false,"pivot":{"x":0.726967990398407,"y":0.2202749401330948,"z":1.3418205976486207},"rotation":{"x":0.7112414836883545,"y":-0.01159662939608097,"z":0.011736385524272919,"w":0.7027573585510254},"size":9.90093994140625,"orthographic":false}