{"cameraMode":{"drawMode":0,"name":"Shaded","section":"Shading Mode"},"sceneLighting":false,"audioPlay":false,"sceneViewState":{"m_AlwaysRefresh":true,"showFog":true,"showSkybox":true,"showFlares":true,"showImageEffects":true,"showParticleSystems":true,"showVisualEffectGraphs":true,"m_FxEnabled":false},"in2DMode":false,"pivot":{"x":0.4286527633666992,"y":3.869753837585449,"z":-1.372941017150879},"rotation":{"x":-0.35396766662597659,"y":0.0019601040985435249,"z":-0.0007440886693075299,"w":-0.9352611303329468},"size":4.123061180114746,"orthographic":false}